"id","name","phone","birthday"
"0","Попова Олеся Артемовна","+7 (915) 801-10-13","1993-05-04"
"1","Киселев Михаил Матвеевич","+7 (915) 664-42-56","2001-01-31"
"2","Богданов Николай Тарасович","+7 (962) 522-17-65","1963-12-28"
"3","Григорьев Михаил Денисович","+7 (962) 696-63-58","1970-11-13"
"4","Богданов Матвей Антонович","+7 (915) 904-02-11","1980-04-03"
"5","Абрамова Марьяна Егоровна","+7 (962) 294-09-98","2000-04-25"
"6","Виноградов Даниил Ильич","+7 (915) 641-62-16","1956-11-28"
"7","Богданов Никита Георгиевич","+7 (915) 452-10-24","1989-11-08"
"8","Фомин Арсений Палыч","+7 (915) 992-77-28","1962-03-30"
"9","Осипова Виктория Петровна","+7 (962) 345-10-89","1975-04-02"
"10","Егорова Бэлла Игоревна","+7 (915) 569-85-44","1950-07-12"
"11","Сидоров Роман Тарасович","+7 (915) 966-79-70","2000-10-26"
"12","Королева Оксана Эдуардовна","+7 (962) 267-52-86","2000-01-07"
"13","Ильин Димитрий Павлович","+7 (915) 666-57-20","1991-12-04"
"14","Герасимов Захар Павлович","+7 (915) 920-91-35","1955-09-16"
"15","Герасимов Николай Феликсович","+7 (962) 972-38-72","1954-04-14"
"16","Макарова Вера Георгиевна","+7 (962) 503-35-48","1951-03-04"
"17","Алексеева Александра Игоревна","+7 (962) 669-33-97","2004-04-28"
"18","Морозов Ярослав Львович","+7 (915) 555-82-30","1980-03-05"
"19","Королев Артемий Артемович","+7 (962) 312-41-26","2001-04-29"
"20","Романов Никита Павлович","+7 (915) 746-89-44","1950-05-21"
"21","Щербаков Даниил Ильич","+7 (962) 916-26-56","2004-02-03"
"22","Матвеев Павел Михайлович","+7 (962) 233-39-77","1949-08-13"
"23","Данилов Кирилл Данилович","+7 (915) 468-85-76","1955-04-15"
"24","Гаврилов Роман Львович","+7 (915) 955-98-89","1948-03-31"
"25","Соколов Димитрий Аркадьевич","+7 (915) 647-31-21","1949-08-20"
"26","Кузьмина Лина Тимофеевна","+7 (915) 959-23-44","1968-12-20"
"27","Макарова Виталия Антоновна","+7 (915) 874-82-21","1981-12-31"
"28","Новиков Глеб Филиппович","+7 (962) 448-80-50","1956-07-18"
"29","Зайцева Изабелла Яковлевна","+7 (915) 707-29-33","1977-11-26"
"30","Смирнов Глеб Владиславович","+7 (962) 968-55-66","1981-08-29"
"31","Максимова Надежда Даниловна","+7 (962) 371-17-90","1984-08-09"
"32","Зайцева Аида Ярославовна","+7 (962) 951-26-11","1959-05-23"
"33","Орлов Димитрий Юрьевич","+7 (915) 678-79-40","1988-02-15"
"34","Жуков Никита Филиппович","+7 (915) 210-58-94","1988-10-22"
"35","Беляева Дарья Михайловна","+7 (915) 312-57-33","1968-01-16"
"36","Алексеева Варвара Борисовна","+7 (915) 341-30-16","1986-09-25"
"37","Романова Амалия Сергеевна","+7 (915) 419-68-09","1968-11-12"
"38","Бондаренко Анна Егоровна","+7 (962) 890-96-51","1997-02-13"
"39","Кузьмина Регина Михайловна","+7 (962) 819-70-61","1959-09-11"
"40","Ткаченко Каролина Анатольевна","+7 (915) 505-50-27","1959-08-18"
"41","Поляков Иван Артемович","+7 (962) 945-01-38","1981-03-31"
"42","Ковалева Анжела Геннадиевна","+7 (915) 948-34-77","1966-09-20"
"43","Захаров Кирилл Валентинович","+7 (915) 508-79-32","1984-08-20"
"44","Кузьмина Клара Ефимовна","+7 (915) 747-26-73","1948-08-05"
"45","Куликов Степан Тимофеевич","+7 (962) 570-15-79","1953-07-09"
"46","Осипов Сергей Антонович","+7 (962) 586-37-42","1975-01-03"
"47","Николаева Лолита Георгиевна","+7 (915) 294-30-52","1971-09-08"
"48","Захаров Денис Романович","+7 (915) 226-18-43","1955-11-13"
"49","Савельев Глеб Игоревич","+7 (962) 581-02-67","1999-11-06"
"50","Александров Илья Романович","+7 (962) 957-47-75","1991-03-06"
"51","Марков Артемий Иосифович","+7 (915) 493-20-36","1946-05-02"
"52","Маркова Клавдия Валентиновна","+7 (915) 969-63-98","1987-04-17"
"53","Комаров Арсений Северинович","+7 (962) 979-17-81","1946-10-10"
"54","Сергеев Александр Иваныч","+7 (915) 805-38-18","1978-01-20"
"55","Соколова Любовь Андреевна","+7 (915) 220-99-28","1993-02-23"
"56","Коновалова Екатерина Денисовна","+7 (962) 960-52-40","1965-08-07"
"57","Карпов Кирилл Богданович","+7 (915) 389-32-08","1956-01-23"
"58","Полякова Дарина Константиновна","+7 (915) 704-37-75","1964-02-13"
"59","Комаров Арсентий Дмитриевич","+7 (962) 820-14-26","1960-09-08"
"60","Александрова Есения Валерьевна","+7 (962) 568-49-25","1980-08-17"
"61","Лазарев Артём Витальевич","+7 (915) 652-88-69","1973-01-26"
"62","Руднева Юлианна Максимовна","+7 (915) 808-20-76","1976-12-16"
"63","Жукова Тина Антоновна","+7 (962) 966-59-65","1949-11-24"
"64","Соколова Мария Васильевна","+7 (962) 352-62-41","1995-10-01"
"65","Степанова Элина Артемовна","+7 (962) 456-11-87","1966-09-21"
"66","Александрова Алина Львовна","+7 (915) 964-27-39","1952-06-23"
"67","Филиппова Варвара Алексеевна","+7 (962) 306-00-54","1970-08-23"
"68","Матвеева Мила Витальевна","+7 (962) 493-64-79","1966-08-22"
"69","Шевченко Элла Валерьевна","+7 (915) 509-93-95","1961-03-06"
"70","Гончарова Бажена Дмитриевна","+7 (915) 649-81-59","1975-01-03"
"71","Федотова Марта Семеновна","+7 (962) 892-59-93","1966-07-04"
"72","Коваленко Ангелина Романовна","+7 (915) 267-93-14","1968-09-13"
"73","Климов Александр Дмитриевич","+7 (962) 629-65-92","1998-02-27"
"74","Кузнецов Егор Феликсович","+7 (915) 753-39-95","1984-07-12"
"75","Петрова Дарина Иосифовна","+7 (962) 584-06-69","1963-12-27"
"76","Захаров Матвей Феликсович","+7 (962) 505-58-72","1993-06-28"
"77","Ефимова Есения Станиславовна","+7 (962) 483-59-21","1947-03-03"
"78","Макарова Рената Александровна","+7 (962) 293-15-70","1999-01-17"
"79","Зайцев Матвей Валерьевич","+7 (915) 222-23-25","1968-03-24"
"80","Воронин Алексей Дмитриевич","+7 (915) 483-95-02","1969-02-27"
"81","Фомин Алексей Константинович","+7 (915) 786-09-41","1958-10-03"
"82","Козлов Димитрий Тимофеевич","+7 (915) 348-86-41","1977-09-27"
"83","Захарова Оксана Олеговна","+7 (962) 808-04-28","1975-10-12"
"84","Маслов Павел Валентинович","+7 (915) 346-18-77","1987-11-26"
"85","Родионов Павел Данилович","+7 (915) 544-89-34","1966-10-22"
"86","Лазарев Захар Федорович","+7 (962) 216-47-91","1948-04-30"
"87","Степанова Владислава Вячеславовна","+7 (962) 326-28-39","1973-09-25"
"88","Фомин Николай Анатольевич","+7 (915) 381-59-71","2003-10-15"
"89","Голубев Тимофей Бедросович","+7 (962) 380-34-98","1972-08-16"
"90","Миронов Егор Платонович","+7 (915) 490-27-05","1963-05-07"
"91","Воронин Сергей Саныч","+7 (915) 536-12-31","1950-06-17"
"92","Иванов Богдан Константинович","+7 (962) 399-00-85","1986-10-13"
"93","Беляева Мия Степановна","+7 (962) 421-66-48","1994-09-30"
"94","Максимова Альбина Ильинична","+7 (915) 802-29-48","1953-08-25"
"95","Соколов Богдан Владиславович","+7 (962) 279-96-59","1960-11-12"
"96","Кравченко Марианна Эдуардовна","+7 (962) 243-07-50","1965-08-25"
"97","Петрова Владислава Платоновна","+7 (962) 288-87-01","1950-10-20"
"98","Матвеева Любовь Богдановна","+7 (962) 954-25-84","1974-03-21"
"99","Новикова Любовь Васильевна","+7 (915) 802-64-86","1992-02-02"
"100","Коновалов Илья Филиппович","+7 (915) 600-19-20","1989-02-16"
"101","Виноградова Стелла Ильинична","+7 (915) 913-05-06","1958-02-23"
"102","Андреева Кристина Тимофеевна","+7 (962) 758-11-42","1983-06-19"
"103","Иванова Эмилия Андреевна","+7 (915) 542-01-54","2004-03-23"
"104","Осипова Камилла Викторовна","+7 (915) 514-59-75","1991-02-20"
"105","Кузьмина Дина Тарасовна","+7 (915) 731-87-26","1965-08-05"
"106","Прохоров Михаил Вячеславович","+7 (962) 644-11-64","1975-10-31"
"107","Козлов Иван Михайлович","+7 (915) 819-84-92","1995-01-22"
"108","Крылов Владислав Юрьевич","+7 (962) 491-01-83","1994-11-19"
"109","Соловьев Матвей Михайлович","+7 (915) 439-29-87","1945-12-20"
"110","Смирнов Никита Палыч","+7 (915) 369-98-54","1982-01-11"
"111","Медведева Милана Робертовна","+7 (915) 900-06-69","1981-06-19"
"112","Борисова Любовь Дмитриевна","+7 (962) 973-65-14","2004-03-07"
"113","Мартынов Арсений Кириллович","+7 (915) 619-82-55","1979-04-30"
"114","Зайцева Регина Владимировна","+7 (962) 370-55-21","2004-07-14"
"115","Попов Димитрий Робертович","+7 (915) 392-52-71","1968-02-20"
"116","Голубев Захар Николаевич","+7 (962) 617-05-99","1975-02-01"
"117","Миронова Катерина Сергеевна","+7 (962) 670-80-53","1958-11-03"
"118","Петрова Яна Станиславовна","+7 (962) 669-53-37","1957-09-22"
"119","Королев Артемий Тимофеевич","+7 (915) 532-98-17","2004-07-14"
"120","Макарова София Степановна","+7 (915) 480-86-53","1985-06-12"
"121","Павлова Есения Анатольевна","+7 (915) 385-28-23","1980-03-05"
"122","Тарасов Никита Геннадиевич","+7 (962) 793-12-01","1959-12-20"
"123","Бондаренко Ксения Алексеевна","+7 (962) 420-00-28","2000-11-16"
"124","Денисова Мария Викторовна","+7 (962) 957-57-58","1949-03-17"
"125","Лебедева Лада Васильевна","+7 (915) 452-21-17","1950-01-13"
"126","Федорова Аля Платоновна","+7 (962) 452-96-34","1982-01-11"
"127","Мартынов Артём Олегович","+7 (915) 644-75-79","2002-05-08"
"128","Дмитриева Мила Робертовна","+7 (915) 814-82-52","1951-02-17"
"129","Петров Арсентий Александрович","+7 (915) 738-12-32","1957-04-23"
"130","Гусева Вера Константиновна","+7 (915) 921-29-53","1957-07-01"
"131","Сорокина Регина Павловна","+7 (962) 325-50-33","1974-06-17"
"132","Белов Иван Владимирович","+7 (915) 710-90-98","1995-05-18"
"133","Ковалев Максим Филиппович","+7 (915) 531-64-12","1999-02-26"
"134","Прохоров Илья Феликсович","+7 (915) 826-62-89","1974-12-09"
"135","Титова Лариса Робертовна","+7 (915) 618-77-35","1959-12-29"
"136","Виноградова Нина Федоровна","+7 (915) 475-18-98","1993-04-25"
"137","Климов Егор Исаакович","+7 (962) 575-45-46","1996-03-20"
"138","Тарасова Изабелла Иосифовна","+7 (962) 325-69-03","1983-09-25"
"139","Иванов Михаил Валентинович","+7 (915) 845-45-65","1987-07-03"
"140","Гаврилов Тимофей Ильич","+7 (915) 493-50-29","1955-11-13"
"141","Филиппова Вероника Степановна","+7 (962) 506-20-68","1946-09-13"
"142","Тихонова Аля Платоновна","+7 (915) 774-60-31","1951-10-15"
"143","Новиков Арсений Александрович","+7 (962) 635-79-61","1992-12-12"
"144","Григорьев Владислав Робертович","+7 (915) 499-80-82","1995-12-08"
"145","Мельник Ангелина Игоревна","+7 (915) 919-58-45","2003-12-26"
"146","Соловьев Арсений Кириллович","+7 (962) 240-87-28","1965-04-11"
"147","Гаврилова Дарья Егоровна","+7 (962) 574-37-35","2001-10-09"
"148","Сергеева Тина Антоновна","+7 (915) 204-53-95","1958-08-23"
"149","Семенов Андрей Игнатьевич","+7 (915) 456-44-88","2002-09-16"
"150","Матвеев Николай Феликсович","+7 (962) 308-28-77","1993-11-23"
"151","Назаров Кирилл Петрович","+7 (915) 744-24-36","1991-05-03"
"152","Афанасьев Егорий Валентинович","+7 (915) 645-96-07","1982-10-10"
"153","Матвеева Элла Викторовна","+7 (915) 411-84-10","1949-07-03"
"154","Чернова Нина Кирилловна","+7 (915) 603-96-26","1945-03-20"
"155","Романова Алёна Анатольевна","+7 (915) 848-68-03","1965-05-23"
"156","Васильев Роман Данилович","+7 (915) 283-81-15","1952-02-14"
"157","Герасимов Константин Михайлович","+7 (915) 557-06-83","1955-10-19"
"158","Кузнецов Степан Ильич","+7 (962) 681-41-32","1956-11-14"
"159","Макарова Бажена Петровна","+7 (962) 560-99-44","1967-06-15"
"160","Куликов Михаил Матвеевич","+7 (915) 591-90-89","1965-10-12"
"161","Сергеева Милана Артемовна","+7 (915) 850-68-68","1957-10-02"
"162","Волкова Эльвина Андреевна","+7 (915) 425-16-71","1946-01-05"
"163","Исаева Юлия Владимировна","+7 (962) 672-37-82","1972-03-22"
"164","Фомина Эвелина Юрьевна","+7 (962) 899-15-36","1983-11-12"
"165","Волкова Екатерина Николаевна","+7 (915) 447-89-13","1976-12-27"
"166","Климова Клара Алексеевна","+7 (915) 580-95-43","1993-06-21"
"167","Сидорова Елизавета Олеговна","+7 (915) 392-65-68","1960-12-13"
"168","Полякова Элеонора Тарасовна","+7 (915) 794-39-12","2001-10-12"
"169","Маслов Иван Ильич","+7 (915) 693-49-93","1960-12-08"
"170","Ефимова Лилия Иосифовна","+7 (915) 758-76-59","1968-11-21"
"171","Савельев Кирилл Дмитриевич","+7 (915) 735-46-15","1996-03-20"
"172","Борисова Кристина Владимировна","+7 (915) 396-88-75","1957-03-21"
"173","Денисова Эмма Юрьевна","+7 (962) 787-40-60","1945-09-22"
"174","Новиков Максим Михайлович","+7 (915) 509-36-08","1954-11-06"
"175","Климова Олеся Михайловна","+7 (962) 522-44-90","1964-05-27"
"176","Куликов Илья Сергеевич","+7 (962) 856-74-04","1964-04-09"
"177","Орлова Кира Николаевна","+7 (962) 658-71-25","1996-06-02"
"178","Петров Тимофей Александрович","+7 (962) 986-03-19","1964-03-13"
"179","Климов Никита Данилович","+7 (962) 830-88-82","1990-01-07"
"180","Голубев Дмитрий Семенович","+7 (962) 864-78-82","1960-09-18"
"181","Карпова Дарина Дмитриевна","+7 (962) 264-53-18","1965-08-25"
"182","Кузнецов Дмитрий Платонович","+7 (962) 762-60-42","1958-01-09"
"183","Богданов Глеб Михайлович","+7 (915) 856-78-66","2004-06-07"
"184","Семенов Артемий Львович","+7 (915) 993-79-59","1955-01-26"
"185","Егорова Урсула Аркадьевна","+7 (915) 959-05-72","2002-05-06"
"186","Смирнов Дмитрий Антонович","+7 (915) 278-99-36","1956-12-21"
"187","Крылов Роман Игнатьевич","+7 (915) 762-50-61","1945-09-27"
"188","Соловьев Данил Тимофеевич","+7 (962) 759-66-94","1960-09-13"
"189","Данилова Урсула Ильинична","+7 (962) 990-50-85","1957-04-05"
"190","Данилов Даниил Васильевич","+7 (962) 581-53-54","1998-05-12"
"191","Максимов Денис Игнатьевич","+7 (962) 552-99-50","1968-10-25"
"192","Чернышев Константин Игнатьевич","+7 (962) 380-50-29","1990-08-12"
"193","Крылов Кирилл Северинович","+7 (962) 815-45-27","1945-12-03"
"194","Захарова Злата Артемовна","+7 (962) 726-31-15","1947-10-07"
"195","Максимова Альбина Алексеевна","+7 (915) 894-14-74","1949-08-30"
"196","Яковлева Эмма Ивановна","+7 (915) 817-58-32","1947-07-21"
"197","Калинин Сергей Иванович","+7 (915) 518-89-11","1993-11-14"
"198","Михайлова Мария Алексеевна","+7 (962) 590-91-51","1986-05-05"
"199","Медведева Эмилия Владиславовна","+7 (962) 351-30-22","1964-06-10"
